"Program","Year","Period","Week Ending","Geo Level","State","State ANSI","Ag District","Ag District Code","County","County ANSI","Zip Code","Region","watershed_code","Watershed","Commodity","Data Item","Domain","Domain Category","Value","CV (%)"
"SURVEY","2022","MARKETING YEAR","","STATE","ILLINOIS","17","","","","","","","00000000","","CORN","CORN, GRAIN - PRICE RECEIVED, MEASURED IN $ / BU","TOTAL","NOT SPECIFIED","6.4",""
"SURVEY","2022","MARKETING YEAR","","STATE","INDIANA","18","","","","","","","00000000","","CORN","CORN, GRAIN - PRICE RECEIVED, MEASURED IN $ / BU","TOTAL","NOT SPECIFIED","6.48",""
"SURVEY","2022","MARKETING YEAR","","STATE","IOWA","19","","","","","","","00000000","","CORN","CORN, GRAIN - PRICE RECEIVED, MEASURED IN $ / BU","TOTAL","NOT SPECIFIED","6.62",""
"SURVEY","2022","MARKETING YEAR","","STATE","MICHIGAN","26","","","","","","","00000000","","CORN","CORN, GRAIN - PRICE RECEIVED, MEASURED IN $ / BU","TOTAL","NOT SPECIFIED","6.16",""
"SURVEY","2022","MARKETING YEAR","","STATE","MINNESOTA","27","","","","","","","00000000","","CORN","CORN, GRAIN - PRICE RECEIVED, MEASURED IN $ / BU","TOTAL","NOT SPECIFIED","6.27",""
"SURVEY","2022","MARKETING YEAR","","STATE","MISSOURI","29","","","","","","","00000000","","CORN","CORN, GRAIN - PRICE RECEIVED, MEASURED IN $ / BU","TOTAL","NOT SPECIFIED","6.71",""
"SURVEY","2022","MARKETING YEAR","","STATE","OHIO","39","","","","","","","00000000","","CORN","CORN, GRAIN - PRICE RECEIVED, MEASURED IN $ / BU","TOTAL","NOT SPECIFIED","6.28",""
"SURVEY","2022","MARKETING YEAR","","STATE","SOUTH DAKOTA","46","","","","","","","00000000","","CORN","CORN, GRAIN - PRICE RECEIVED, MEASURED IN $ / BU","TOTAL","NOT SPECIFIED","6.5",""
"SURVEY","2022","MARKETING YEAR","","STATE","WISCONSIN","55","","","","","","","00000000","","CORN","CORN, GRAIN - PRICE RECEIVED, MEASURED IN $ / BU","TOTAL","NOT SPECIFIED","6.11",""
"SURVEY","2021","MARKETING YEAR","","STATE","ILLINOIS","17","","","","","","","00000000","","CORN","CORN, GRAIN - PRICE RECEIVED, MEASURED IN $ / BU","TOTAL","NOT SPECIFIED","5.96",""
"SURVEY","2021","MARKETING YEAR","","STATE","INDIANA","18","","","","","","","00000000","","CORN","CORN, GRAIN - PRICE RECEIVED, MEASURED IN $ / BU","TOTAL","NOT SPECIFIED","6.07",""
"SURVEY","2021","MARKETING YEAR","","STATE","IOWA","19","","","","","","","00000000","","CORN","CORN, GRAIN - PRICE RECEIVED, MEASURED IN $ / BU","TOTAL","NOT SPECIFIED","6.1",""
"SURVEY","2021","MARKETING YEAR","","STATE","MICHIGAN","26","","","","","","","00000000","","CORN","CORN, GRAIN - PRICE RECEIVED, MEASURED IN $ / BU","TOTAL","NOT SPECIFIED","5.86",""
"SURVEY","2021","MARKETING YEAR","","STATE","MINNESOTA","27","","","","","","","00000000","","CORN","CORN, GRAIN - PRICE RECEIVED, MEASURED IN $ / BU","TOTAL","NOT SPECIFIED","5.91",""
"SURVEY","2021","MARKETING YEAR","","STATE","MISSOURI","29","","","","","","","00000000","","CORN","CORN, GRAIN - PRICE RECEIVED, MEASURED IN $ / BU","TOTAL","NOT SPECIFIED","6.15",""
"SURVEY","2021","MARKETING YEAR","","STATE","OHIO","39","","","","","","","00000000","","CORN","CORN, GRAIN - PRICE RECEIVED, MEASURED IN $ / BU","TOTAL","NOT SPECIFIED","5.92",""
"SURVEY","2021","MARKETING YEAR","","STATE","SOUTH DAKOTA","46","","","","","","","00000000","","CORN","CORN, GRAIN - PRICE RECEIVED, MEASURED IN $ / BU","TOTAL","NOT SPECIFIED","6.11",""
"SURVEY","2021","MARKETING YEAR","","STATE","WISCONSIN","55","","","","","","","00000000","","CORN","CORN, GRAIN - PRICE RECEIVED, MEASURED IN $ / BU","TOTAL","NOT SPECIFIED","6",""
"SURVEY","2020","MARKETING YEAR","","STATE","ILLINOIS","17","","","","","","","00000000","","CORN","CORN, GRAIN - PRICE RECEIVED, MEASURED IN $ / BU","TOTAL","NOT SPECIFIED","4.46",""
"SURVEY","2020","MARKETING YEAR","","STATE","INDIANA","18","","","","","","","00000000","","CORN","CORN, GRAIN - PRICE RECEIVED, MEASURED IN $ / BU","TOTAL","NOT SPECIFIED","4.65",""
"SURVEY","2020","MARKETING YEAR","","STATE","IOWA","19","","","","","","","00000000","","CORN","CORN, GRAIN - PRICE RECEIVED, MEASURED IN $ / BU","TOTAL","NOT SPECIFIED","4.64",""
"SURVEY","2020","MARKETING YEAR","","STATE","MICHIGAN","26","","","","","","","00000000","","CORN","CORN, GRAIN - PRICE RECEIVED, MEASURED IN $ / BU","TOTAL","NOT SPECIFIED","4.72",""
"SURVEY","2020","MARKETING YEAR","","STATE","MINNESOTA","27","","","","","","","00000000","","CORN","CORN, GRAIN - PRICE RECEIVED, MEASURED IN $ / BU","TOTAL","NOT SPECIFIED","4.52",""
"SURVEY","2020","MARKETING YEAR","","STATE","MISSOURI","29","","","","","","","00000000","","CORN","CORN, GRAIN - PRICE RECEIVED, MEASURED IN $ / BU","TOTAL","NOT SPECIFIED","4.59",""
"SURVEY","2020","MARKETING YEAR","","STATE","OHIO","39","","","","","","","00000000","","CORN","CORN, GRAIN - PRICE RECEIVED, MEASURED IN $ / BU","TOTAL","NOT SPECIFIED","4.69",""
"SURVEY","2020","MARKETING YEAR","","STATE","SOUTH DAKOTA","46","","","","","","","00000000","","CORN","CORN, GRAIN - PRICE RECEIVED, MEASURED IN $ / BU","TOTAL","NOT SPECIFIED","4.37",""
"SURVEY","2020","MARKETING YEAR","","STATE","WISCONSIN","55","","","","","","","00000000","","CORN","CORN, GRAIN - PRICE RECEIVED, MEASURED IN $ / BU","TOTAL","NOT SPECIFIED","4.44",""
"SURVEY","2019","MARKETING YEAR","","STATE","ILLINOIS","17","","","","","","","00000000","","CORN","CORN, GRAIN - PRICE RECEIVED, MEASURED IN $ / BU","TOTAL","NOT SPECIFIED","3.55",""
"SURVEY","2019","MARKETING YEAR","","STATE","INDIANA","18","","","","","","","00000000","","CORN","CORN, GRAIN - PRICE RECEIVED, MEASURED IN $ / BU","TOTAL","NOT SPECIFIED","3.84",""
"SURVEY","2019","MARKETING YEAR","","STATE","IOWA","19","","","","","","","00000000","","CORN","CORN, GRAIN - PRICE RECEIVED, MEASURED IN $ / BU","TOTAL","NOT SPECIFIED","3.5",""
"SURVEY","2019","MARKETING YEAR","","STATE","MICHIGAN","26","","","","","","","00000000","","CORN","CORN, GRAIN - PRICE RECEIVED, MEASURED IN $ / BU","TOTAL","NOT SPECIFIED","3.73",""
"SURVEY","2019","MARKETING YEAR","","STATE","MINNESOTA","27","","","","","","","00000000","","CORN","CORN, GRAIN - PRICE RECEIVED, MEASURED IN $ / BU","TOTAL","NOT SPECIFIED","3.26",""
"SURVEY","2019","MARKETING YEAR","","STATE","MISSOURI","29","","","","","","","00000000","","CORN","CORN, GRAIN - PRICE RECEIVED, MEASURED IN $ / BU","TOTAL","NOT SPECIFIED","3.67",""
"SURVEY","2019","MARKETING YEAR","","STATE","OHIO","39","","","","","","","00000000","","CORN","CORN, GRAIN - PRICE RECEIVED, MEASURED IN $ / BU","TOTAL","NOT SPECIFIED","3.91",""
"SURVEY","2019","MARKETING YEAR","","STATE","SOUTH DAKOTA","46","","","","","","","00000000","","CORN","CORN, GRAIN - PRICE RECEIVED, MEASURED IN $ / BU","TOTAL","NOT SPECIFIED","3.32",""
"SURVEY","2019","MARKETING YEAR","","STATE","WISCONSIN","55","","","","","","","00000000","","CORN","CORN, GRAIN - PRICE RECEIVED, MEASURED IN $ / BU","TOTAL","NOT SPECIFIED","3.43",""
"SURVEY","2018","MARKETING YEAR","","STATE","ILLINOIS","17","","","","","","","00000000","","CORN","CORN, GRAIN - PRICE RECEIVED, MEASURED IN $ / BU","TOTAL","NOT SPECIFIED","3.62",""
"SURVEY","2018","MARKETING YEAR","","STATE","INDIANA","18","","","","","","","00000000","","CORN","CORN, GRAIN - PRICE RECEIVED, MEASURED IN $ / BU","TOTAL","NOT SPECIFIED","3.78",""
"SURVEY","2018","MARKETING YEAR","","STATE","IOWA","19","","","","","","","00000000","","CORN","CORN, GRAIN - PRICE RECEIVED, MEASURED IN $ / BU","TOTAL","NOT SPECIFIED","3.59",""
"SURVEY","2018","MARKETING YEAR","","STATE","MICHIGAN","26","","","","","","","00000000","","CORN","CORN, GRAIN - PRICE RECEIVED, MEASURED IN $ / BU","TOTAL","NOT SPECIFIED","3.72",""
"SURVEY","2018","MARKETING YEAR","","STATE","MINNESOTA","27","","","","","","","00000000","","CORN","CORN, GRAIN - PRICE RECEIVED, MEASURED IN $ / BU","TOTAL","NOT SPECIFIED","3.47",""
"SURVEY","2018","MARKETING YEAR","","STATE","MISSOURI","29","","","","","","","00000000","","CORN","CORN, GRAIN - PRICE RECEIVED, MEASURED IN $ / BU","TOTAL","NOT SPECIFIED","3.68",""
"SURVEY","2018","MARKETING YEAR","","STATE","OHIO","39","","","","","","","00000000","","CORN","CORN, GRAIN - PRICE RECEIVED, MEASURED IN $ / BU","TOTAL","NOT SPECIFIED","3.74",""
"SURVEY","2018","MARKETING YEAR","","STATE","SOUTH DAKOTA","46","","","","","","","00000000","","CORN","CORN, GRAIN - PRICE RECEIVED, MEASURED IN $ / BU","TOTAL","NOT SPECIFIED","3.38",""
"SURVEY","2018","MARKETING YEAR","","STATE","WISCONSIN","55","","","","","","","00000000","","CORN","CORN, GRAIN - PRICE RECEIVED, MEASURED IN $ / BU","TOTAL","NOT SPECIFIED","3.52",""
"SURVEY","2017","MARKETING YEAR","","STATE","ILLINOIS","17","","","","","","","00000000","","CORN","CORN, GRAIN - PRICE RECEIVED, MEASURED IN $ / BU","TOTAL","NOT SPECIFIED","3.41",""
"SURVEY","2017","MARKETING YEAR","","STATE","INDIANA","18","","","","","","","00000000","","CORN","CORN, GRAIN - PRICE RECEIVED, MEASURED IN $ / BU","TOTAL","NOT SPECIFIED","3.56",""
"SURVEY","2017","MARKETING YEAR","","STATE","IOWA","19","","","","","","","00000000","","CORN","CORN, GRAIN - PRICE RECEIVED, MEASURED IN $ / BU","TOTAL","NOT SPECIFIED","3.31",""
"SURVEY","2017","MARKETING YEAR","","STATE","MICHIGAN","26","","","","","","","00000000","","CORN","CORN, GRAIN - PRICE RECEIVED, MEASURED IN $ / BU","TOTAL","NOT SPECIFIED","3.46",""
"SURVEY","2017","MARKETING YEAR","","STATE","MINNESOTA","27","","","","","","","00000000","","CORN","CORN, GRAIN - PRICE RECEIVED, MEASURED IN $ / BU","TOTAL","NOT SPECIFIED","3.18",""
"SURVEY","2017","MARKETING YEAR","","STATE","MISSOURI","29","","","","","","","00000000","","CORN","CORN, GRAIN - PRICE RECEIVED, MEASURED IN $ / BU","TOTAL","NOT SPECIFIED","3.41",""
"SURVEY","2017","MARKETING YEAR","","STATE","OHIO","39","","","","","","","00000000","","CORN","CORN, GRAIN - PRICE RECEIVED, MEASURED IN $ / BU","TOTAL","NOT SPECIFIED","3.61",""
"SURVEY","2017","MARKETING YEAR","","STATE","SOUTH DAKOTA","46","","","","","","","00000000","","CORN","CORN, GRAIN - PRICE RECEIVED, MEASURED IN $ / BU","TOTAL","NOT SPECIFIED","3.09",""
"SURVEY","2017","MARKETING YEAR","","STATE","WISCONSIN","55","","","","","","","00000000","","CORN","CORN, GRAIN - PRICE RECEIVED, MEASURED IN $ / BU","TOTAL","NOT SPECIFIED","3.3",""
"SURVEY","2016","MARKETING YEAR","","STATE","ILLINOIS","17","","","","","","","00000000","","CORN","CORN, GRAIN - PRICE RECEIVED, MEASURED IN $ / BU","TOTAL","NOT SPECIFIED","3.43",""
"SURVEY","2016","MARKETING YEAR","","STATE","INDIANA","18","","","","","","","00000000","","CORN","CORN, GRAIN - PRICE RECEIVED, MEASURED IN $ / BU","TOTAL","NOT SPECIFIED","3.63",""
"SURVEY","2016","MARKETING YEAR","","STATE","IOWA","19","","","","","","","00000000","","CORN","CORN, GRAIN - PRICE RECEIVED, MEASURED IN $ / BU","TOTAL","NOT SPECIFIED","3.3",""
"SURVEY","2016","MARKETING YEAR","","STATE","MICHIGAN","26","","","","","","","00000000","","CORN","CORN, GRAIN - PRICE RECEIVED, MEASURED IN $ / BU","TOTAL","NOT SPECIFIED","3.44",""
"SURVEY","2016","MARKETING YEAR","","STATE","MINNESOTA","27","","","","","","","00000000","","CORN","CORN, GRAIN - PRICE RECEIVED, MEASURED IN $ / BU","TOTAL","NOT SPECIFIED","3.21",""
"SURVEY","2016","MARKETING YEAR","","STATE","MISSOURI","29","","","","","","","00000000","","CORN","CORN, GRAIN - PRICE RECEIVED, MEASURED IN $ / BU","TOTAL","NOT SPECIFIED","3.4",""
"SURVEY","2016","MARKETING YEAR","","STATE","OHIO","39","","","","","","","00000000","","CORN","CORN, GRAIN - PRICE RECEIVED, MEASURED IN $ / BU","TOTAL","NOT SPECIFIED","3.61",""
"SURVEY","2016","MARKETING YEAR","","STATE","SOUTH DAKOTA","46","","","","","","","00000000","","CORN","CORN, GRAIN - PRICE RECEIVED, MEASURED IN $ / BU","TOTAL","NOT SPECIFIED","3.09",""
"SURVEY","2016","MARKETING YEAR","","STATE","WISCONSIN","55","","","","","","","00000000","","CORN","CORN, GRAIN - PRICE RECEIVED, MEASURED IN $ / BU","TOTAL","NOT SPECIFIED","3.28",""
"SURVEY","2015","MARKETING YEAR","","STATE","ILLINOIS","17","","","","","","","00000000","","CORN","CORN, GRAIN - PRICE RECEIVED, MEASURED IN $ / BU","TOTAL","NOT SPECIFIED","3.69",""
"SURVEY","2015","MARKETING YEAR","","STATE","INDIANA","18","","","","","","","00000000","","CORN","CORN, GRAIN - PRICE RECEIVED, MEASURED IN $ / BU","TOTAL","NOT SPECIFIED","3.92",""
"SURVEY","2015","MARKETING YEAR","","STATE","IOWA","19","","","","","","","00000000","","CORN","CORN, GRAIN - PRICE RECEIVED, MEASURED IN $ / BU","TOTAL","NOT SPECIFIED","3.52",""
"SURVEY","2015","MARKETING YEAR","","STATE","MICHIGAN","26","","","","","","","00000000","","CORN","CORN, GRAIN - PRICE RECEIVED, MEASURED IN $ / BU","TOTAL","NOT SPECIFIED","3.63",""
"SURVEY","2015","MARKETING YEAR","","STATE","MINNESOTA","27","","","","","","","00000000","","CORN","CORN, GRAIN - PRICE RECEIVED, MEASURED IN $ / BU","TOTAL","NOT SPECIFIED","3.37",""
"SURVEY","2015","MARKETING YEAR","","STATE","MISSOURI","29","","","","","","","00000000","","CORN","CORN, GRAIN - PRICE RECEIVED, MEASURED IN $ / BU","TOTAL","NOT SPECIFIED","3.69",""
"SURVEY","2015","MARKETING YEAR","","STATE","OHIO","39","","","","","","","00000000","","CORN","CORN, GRAIN - PRICE RECEIVED, MEASURED IN $ / BU","TOTAL","NOT SPECIFIED","3.89",""
"SURVEY","2015","MARKETING YEAR","","STATE","SOUTH DAKOTA","46","","","","","","","00000000","","CORN","CORN, GRAIN - PRICE RECEIVED, MEASURED IN $ / BU","TOTAL","NOT SPECIFIED","3.3",""
"SURVEY","2015","MARKETING YEAR","","STATE","WISCONSIN","55","","","","","","","00000000","","CORN","CORN, GRAIN - PRICE RECEIVED, MEASURED IN $ / BU","TOTAL","NOT SPECIFIED","3.46",""
"SURVEY","2014","MARKETING YEAR","","STATE","ILLINOIS","17","","","","","","","00000000","","CORN","CORN, GRAIN - PRICE RECEIVED, MEASURED IN $ / BU","TOTAL","NOT SPECIFIED","3.71",""
"SURVEY","2014","MARKETING YEAR","","STATE","INDIANA","18","","","","","","","00000000","","CORN","CORN, GRAIN - PRICE RECEIVED, MEASURED IN $ / BU","TOTAL","NOT SPECIFIED","3.75",""
"SURVEY","2014","MARKETING YEAR","","STATE","IOWA","19","","","","","","","00000000","","CORN","CORN, GRAIN - PRICE RECEIVED, MEASURED IN $ / BU","TOTAL","NOT SPECIFIED","3.71",""
"SURVEY","2014","MARKETING YEAR","","STATE","MICHIGAN","26","","","","","","","00000000","","CORN","CORN, GRAIN - PRICE RECEIVED, MEASURED IN $ / BU","TOTAL","NOT SPECIFIED","3.65",""
"SURVEY","2014","MARKETING YEAR","","STATE","MINNESOTA","27","","","","","","","00000000","","CORN","CORN, GRAIN - PRICE RECEIVED, MEASURED IN $ / BU","TOTAL","NOT SPECIFIED","3.58",""
"SURVEY","2014","MARKETING YEAR","","STATE","MISSOURI","29","","","","","","","00000000","","CORN","CORN, GRAIN - PRICE RECEIVED, MEASURED IN $ / BU","TOTAL","NOT SPECIFIED","3.54",""
"SURVEY","2014","MARKETING YEAR","","STATE","OHIO","39","","","","","","","00000000","","CORN","CORN, GRAIN - PRICE RECEIVED, MEASURED IN $ / BU","TOTAL","NOT SPECIFIED","3.78",""
"SURVEY","2014","MARKETING YEAR","","STATE","SOUTH DAKOTA","46","","","","","","","00000000","","CORN","CORN, GRAIN - PRICE RECEIVED, MEASURED IN $ / BU","TOTAL","NOT SPECIFIED","3.34",""
"SURVEY","2014","MARKETING YEAR","","STATE","WISCONSIN","55","","","","","","","00000000","","CORN","CORN, GRAIN - PRICE RECEIVED, MEASURED IN $ / BU","TOTAL","NOT SPECIFIED","3.67",""
"SURVEY","2013","MARKETING YEAR","","STATE","ILLINOIS","17","","","","","","","00000000","","CORN","CORN, GRAIN - PRICE RECEIVED, MEASURED IN $ / BU","TOTAL","NOT SPECIFIED","4.52",""
"SURVEY","2013","MARKETING YEAR","","STATE","INDIANA","18","","","","","","","00000000","","CORN","CORN, GRAIN - PRICE RECEIVED, MEASURED IN $ / BU","TOTAL","NOT SPECIFIED","4.47",""
"SURVEY","2013","MARKETING YEAR","","STATE","IOWA","19","","","","","","","00000000","","CORN","CORN, GRAIN - PRICE RECEIVED, MEASURED IN $ / BU","TOTAL","NOT SPECIFIED","4.49",""
"SURVEY","2013","MARKETING YEAR","","STATE","MICHIGAN","26","","","","","","","00000000","","CORN","CORN, GRAIN - PRICE RECEIVED, MEASURED IN $ / BU","TOTAL","NOT SPECIFIED","4.18",""
"SURVEY","2013","MARKETING YEAR","","STATE","MINNESOTA","27","","","","","","","00000000","","CORN","CORN, GRAIN - PRICE RECEIVED, MEASURED IN $ / BU","TOTAL","NOT SPECIFIED","4.3",""
"SURVEY","2013","MARKETING YEAR","","STATE","MISSOURI","29","","","","","","","00000000","","CORN","CORN, GRAIN - PRICE RECEIVED, MEASURED IN $ / BU","TOTAL","NOT SPECIFIED","4.57",""
"SURVEY","2013","MARKETING YEAR","","STATE","OHIO","39","","","","","","","00000000","","CORN","CORN, GRAIN - PRICE RECEIVED, MEASURED IN $ / BU","TOTAL","NOT SPECIFIED","4.41",""
"SURVEY","2013","MARKETING YEAR","","STATE","SOUTH DAKOTA","46","","","","","","","00000000","","CORN","CORN, GRAIN - PRICE RECEIVED, MEASURED IN $ / BU","TOTAL","NOT SPECIFIED","4.05",""
"SURVEY","2013","MARKETING YEAR","","STATE","WISCONSIN","55","","","","","","","00000000","","CORN","CORN, GRAIN - PRICE RECEIVED, MEASURED IN $ / BU","TOTAL","NOT SPECIFIED","4.38",""
"SURVEY","2012","MARKETING YEAR","","STATE","ILLINOIS","17","","","","","","","00000000","","CORN","CORN, GRAIN - PRICE RECEIVED, MEASURED IN $ / BU","TOTAL","NOT SPECIFIED","6.87",""
"SURVEY","2012","MARKETING YEAR","","STATE","INDIANA","18","","","","","","","00000000","","CORN","CORN, GRAIN - PRICE RECEIVED, MEASURED IN $ / BU","TOTAL","NOT SPECIFIED","7.23",""
"SURVEY","2012","MARKETING YEAR","","STATE","IOWA","19","","","","","","","00000000","","CORN","CORN, GRAIN - PRICE RECEIVED, MEASURED IN $ / BU","TOTAL","NOT SPECIFIED","6.92",""
"SURVEY","2012","MARKETING YEAR","","STATE","MICHIGAN","26","","","","","","","00000000","","CORN","CORN, GRAIN - PRICE RECEIVED, MEASURED IN $ / BU","TOTAL","NOT SPECIFIED","6.69",""
"SURVEY","2012","MARKETING YEAR","","STATE","MINNESOTA","27","","","","","","","00000000","","CORN","CORN, GRAIN - PRICE RECEIVED, MEASURED IN $ / BU","TOTAL","NOT SPECIFIED","6.67",""
"SURVEY","2012","MARKETING YEAR","","STATE","MISSOURI","29","","","","","","","00000000","","CORN","CORN, GRAIN - PRICE RECEIVED, MEASURED IN $ / BU","TOTAL","NOT SPECIFIED","7.34",""
"SURVEY","2012","MARKETING YEAR","","STATE","OHIO","39","","","","","","","00000000","","CORN","CORN, GRAIN - PRICE RECEIVED, MEASURED IN $ / BU","TOTAL","NOT SPECIFIED","7.09",""
"SURVEY","2012","MARKETING YEAR","","STATE","SOUTH DAKOTA","46","","","","","","","00000000","","CORN","CORN, GRAIN - PRICE RECEIVED, MEASURED IN $ / BU","TOTAL","NOT SPECIFIED","6.72",""
"SURVEY","2012","MARKETING YEAR","","STATE","WISCONSIN","55","","","","","","","00000000","","CORN","CORN, GRAIN - PRICE RECEIVED, MEASURED IN $ / BU","TOTAL","NOT SPECIFIED","6.69",""
"SURVEY","2011","MARKETING YEAR","","STATE","ILLINOIS","17","","","","","","","00000000","","CORN","CORN, GRAIN - PRICE RECEIVED, MEASURED IN $ / BU","TOTAL","NOT SPECIFIED","6.25",""
"SURVEY","2011","MARKETING YEAR","","STATE","INDIANA","18","","","","","","","00000000","","CORN","CORN, GRAIN - PRICE RECEIVED, MEASURED IN $ / BU","TOTAL","NOT SPECIFIED","6.31",""
"SURVEY","2011","MARKETING YEAR","","STATE","IOWA","19","","","","","","","00000000","","CORN","CORN, GRAIN - PRICE RECEIVED, MEASURED IN $ / BU","TOTAL","NOT SPECIFIED","6.2",""
"SURVEY","2011","MARKETING YEAR","","STATE","MICHIGAN","26","","","","","","","00000000","","CORN","CORN, GRAIN - PRICE RECEIVED, MEASURED IN $ / BU","TOTAL","NOT SPECIFIED","6.14",""
"SURVEY","2011","MARKETING YEAR","","STATE","MINNESOTA","27","","","","","","","00000000","","CORN","CORN, GRAIN - PRICE RECEIVED, MEASURED IN $ / BU","TOTAL","NOT SPECIFIED","6.09",""
"SURVEY","2011","MARKETING YEAR","","STATE","MISSOURI","29","","","","","","","00000000","","CORN","CORN, GRAIN - PRICE RECEIVED, MEASURED IN $ / BU","TOTAL","NOT SPECIFIED","6.4",""
"SURVEY","2011","MARKETING YEAR","","STATE","OHIO","39","","","","","","","00000000","","CORN","CORN, GRAIN - PRICE RECEIVED, MEASURED IN $ / BU","TOTAL","NOT SPECIFIED","6.44",""
"SURVEY","2011","MARKETING YEAR","","STATE","SOUTH DAKOTA","46","","","","","","","00000000","","CORN","CORN, GRAIN - PRICE RECEIVED, MEASURED IN $ / BU","TOTAL","NOT SPECIFIED","6.03",""
"SURVEY","2011","MARKETING YEAR","","STATE","WISCONSIN","55","","","","","","","00000000","","CORN","CORN, GRAIN - PRICE RECEIVED, MEASURED IN $ / BU","TOTAL","NOT SPECIFIED","6.02",""
"SURVEY","2010","MARKETING YEAR","","STATE","ILLINOIS","17","","","","","","","00000000","","CORN","CORN, GRAIN - PRICE RECEIVED, MEASURED IN $ / BU","TOTAL","NOT SPECIFIED","5.24",""
"SURVEY","2010","MARKETING YEAR","","STATE","INDIANA","18","","","","","","","00000000","","CORN","CORN, GRAIN - PRICE RECEIVED, MEASURED IN $ / BU","TOTAL","NOT SPECIFIED","5.38",""
"SURVEY","2010","MARKETING YEAR","","STATE","IOWA","19","","","","","","","00000000","","CORN","CORN, GRAIN - PRICE RECEIVED, MEASURED IN $ / BU","TOTAL","NOT SPECIFIED","5.23",""
"SURVEY","2010","MARKETING YEAR","","STATE","MICHIGAN","26","","","","","","","00000000","","CORN","CORN, GRAIN - PRICE RECEIVED, MEASURED IN $ / BU","TOTAL","NOT SPECIFIED","5.56",""
"SURVEY","2010","MARKETING YEAR","","STATE","MINNESOTA","27","","","","","","","00000000","","CORN","CORN, GRAIN - PRICE RECEIVED, MEASURED IN $ / BU","TOTAL","NOT SPECIFIED","5.01",""
"SURVEY","2010","MARKETING YEAR","","STATE","MISSOURI","29","","","","","","","00000000","","CORN","CORN, GRAIN - PRICE RECEIVED, MEASURED IN $ / BU","TOTAL","NOT SPECIFIED","5.35",""
"SURVEY","2010","MARKETING YEAR","","STATE","OHIO","39","","","","","","","00000000","","CORN","CORN, GRAIN - PRICE RECEIVED, MEASURED IN $ / BU","TOTAL","NOT SPECIFIED","5.45",""
"SURVEY","2010","MARKETING YEAR","","STATE","SOUTH DAKOTA","46","","","","","","","00000000","","CORN","CORN, GRAIN - PRICE RECEIVED, MEASURED IN $ / BU","TOTAL","NOT SPECIFIED","5.09",""
"SURVEY","2010","MARKETING YEAR","","STATE","WISCONSIN","55","","","","","","","00000000","","CORN","CORN, GRAIN - PRICE RECEIVED, MEASURED IN $ / BU","TOTAL","NOT SPECIFIED","5.27",""
"SURVEY","2009","MARKETING YEAR","","STATE","ILLINOIS","17","","","","","","","00000000","","CORN","CORN, GRAIN - PRICE RECEIVED, MEASURED IN $ / BU","TOTAL","NOT SPECIFIED","3.53",""
"SURVEY","2009","MARKETING YEAR","","STATE","INDIANA","18","","","","","","","00000000","","CORN","CORN, GRAIN - PRICE RECEIVED, MEASURED IN $ / BU","TOTAL","NOT SPECIFIED","3.66",""
"SURVEY","2009","MARKETING YEAR","","STATE","IOWA","19","","","","","","","00000000","","CORN","CORN, GRAIN - PRICE RECEIVED, MEASURED IN $ / BU","TOTAL","NOT SPECIFIED","3.59",""
"SURVEY","2009","MARKETING YEAR","","STATE","MICHIGAN","26","","","","","","","00000000","","CORN","CORN, GRAIN - PRICE RECEIVED, MEASURED IN $ / BU","TOTAL","NOT SPECIFIED","3.53",""
"SURVEY","2009","MARKETING YEAR","","STATE","MINNESOTA","27","","","","","","","00000000","","CORN","CORN, GRAIN - PRICE RECEIVED, MEASURED IN $ / BU","TOTAL","NOT SPECIFIED","3.47",""
"SURVEY","2009","MARKETING YEAR","","STATE","MISSOURI","29","","","","","","","00000000","","CORN","CORN, GRAIN - PRICE RECEIVED, MEASURED IN $ / BU","TOTAL","NOT SPECIFIED","3.58",""
"SURVEY","2009","MARKETING YEAR","","STATE","OHIO","39","","","","","","","00000000","","CORN","CORN, GRAIN - PRICE RECEIVED, MEASURED IN $ / BU","TOTAL","NOT SPECIFIED","3.55",""
"SURVEY","2009","MARKETING YEAR","","STATE","SOUTH DAKOTA","46","","","","","","","00000000","","CORN","CORN, GRAIN - PRICE RECEIVED, MEASURED IN $ / BU","TOTAL","NOT SPECIFIED","3.23",""
"SURVEY","2009","MARKETING YEAR","","STATE","WISCONSIN","55","","","","","","","00000000","","CORN","CORN, GRAIN - PRICE RECEIVED, MEASURED IN $ / BU","TOTAL","NOT SPECIFIED","3.57",""
"SURVEY","2008","MARKETING YEAR","","STATE","ILLINOIS","17","","","","","","","00000000","","CORN","CORN, GRAIN - PRICE RECEIVED, MEASURED IN $ / BU","TOTAL","NOT SPECIFIED","4.01",""
"SURVEY","2008","MARKETING YEAR","","STATE","INDIANA","18","","","","","","","00000000","","CORN","CORN, GRAIN - PRICE RECEIVED, MEASURED IN $ / BU","TOTAL","NOT SPECIFIED","4.1",""
"SURVEY","2008","MARKETING YEAR","","STATE","IOWA","19","","","","","","","00000000","","CORN","CORN, GRAIN - PRICE RECEIVED, MEASURED IN $ / BU","TOTAL","NOT SPECIFIED","4.1",""
"SURVEY","2008","MARKETING YEAR","","STATE","MICHIGAN","26","","","","","","","00000000","","CORN","CORN, GRAIN - PRICE RECEIVED, MEASURED IN $ / BU","TOTAL","NOT SPECIFIED","3.84",""
"SURVEY","2008","MARKETING YEAR","","STATE","MINNESOTA","27","","","","","","","00000000","","CORN","CORN, GRAIN - PRICE RECEIVED, MEASURED IN $ / BU","TOTAL","NOT SPECIFIED","3.92",""
"SURVEY","2008","MARKETING YEAR","","STATE","MISSOURI","29","","","","","","","00000000","","CORN","CORN, GRAIN - PRICE RECEIVED, MEASURED IN $ / BU","TOTAL","NOT SPECIFIED","4.11",""
"SURVEY","2008","MARKETING YEAR","","STATE","OHIO","39","","","","","","","00000000","","CORN","CORN, GRAIN - PRICE RECEIVED, MEASURED IN $ / BU","TOTAL","NOT SPECIFIED","4.21",""
"SURVEY","2008","MARKETING YEAR","","STATE","SOUTH DAKOTA","46","","","","","","","00000000","","CORN","CORN, GRAIN - PRICE RECEIVED, MEASURED IN $ / BU","TOTAL","NOT SPECIFIED","3.78",""
"SURVEY","2008","MARKETING YEAR","","STATE","WISCONSIN","55","","","","","","","00000000","","CORN","CORN, GRAIN - PRICE RECEIVED, MEASURED IN $ / BU","TOTAL","NOT SPECIFIED","3.89",""
"SURVEY","2007","MARKETING YEAR","","STATE","ILLINOIS","17","","","","","","","00000000","","CORN","CORN, GRAIN - PRICE RECEIVED, MEASURED IN $ / BU","TOTAL","NOT SPECIFIED","4.09",""
"SURVEY","2007","MARKETING YEAR","","STATE","INDIANA","18","","","","","","","00000000","","CORN","CORN, GRAIN - PRICE RECEIVED, MEASURED IN $ / BU","TOTAL","NOT SPECIFIED","4.39",""
"SURVEY","2007","MARKETING YEAR","","STATE","IOWA","19","","","","","","","00000000","","CORN","CORN, GRAIN - PRICE RECEIVED, MEASURED IN $ / BU","TOTAL","NOT SPECIFIED","4.29",""
"SURVEY","2007","MARKETING YEAR","","STATE","MICHIGAN","26","","","","","","","00000000","","CORN","CORN, GRAIN - PRICE RECEIVED, MEASURED IN $ / BU","TOTAL","NOT SPECIFIED","4.37",""
"SURVEY","2007","MARKETING YEAR","","STATE","MINNESOTA","27","","","","","","","00000000","","CORN","CORN, GRAIN - PRICE RECEIVED, MEASURED IN $ / BU","TOTAL","NOT SPECIFIED","4.13",""
"SURVEY","2007","MARKETING YEAR","","STATE","MISSOURI","29","","","","","","","00000000","","CORN","CORN, GRAIN - PRICE RECEIVED, MEASURED IN $ / BU","TOTAL","NOT SPECIFIED","4.17",""
"SURVEY","2007","MARKETING YEAR","","STATE","OHIO","39","","","","","","","00000000","","CORN","CORN, GRAIN - PRICE RECEIVED, MEASURED IN $ / BU","TOTAL","NOT SPECIFIED","4.29",""
"SURVEY","2007","MARKETING YEAR","","STATE","SOUTH DAKOTA","46","","","","","","","00000000","","CORN","CORN, GRAIN - PRICE RECEIVED, MEASURED IN $ / BU","TOTAL","NOT SPECIFIED","4.17",""
"SURVEY","2007","MARKETING YEAR","","STATE","WISCONSIN","55","","","","","","","00000000","","CORN","CORN, GRAIN - PRICE RECEIVED, MEASURED IN $ / BU","TOTAL","NOT SPECIFIED","4.11",""
"SURVEY","2006","MARKETING YEAR","","STATE","ILLINOIS","17","","","","","","","00000000","","CORN","CORN, GRAIN - PRICE RECEIVED, MEASURED IN $ / BU","TOTAL","NOT SPECIFIED","3.07",""
"SURVEY","2006","MARKETING YEAR","","STATE","INDIANA","18","","","","","","","00000000","","CORN","CORN, GRAIN - PRICE RECEIVED, MEASURED IN $ / BU","TOTAL","NOT SPECIFIED","3.17",""
"SURVEY","2006","MARKETING YEAR","","STATE","IOWA","19","","","","","","","00000000","","CORN","CORN, GRAIN - PRICE RECEIVED, MEASURED IN $ / BU","TOTAL","NOT SPECIFIED","3.03",""
"SURVEY","2006","MARKETING YEAR","","STATE","MICHIGAN","26","","","","","","","00000000","","CORN","CORN, GRAIN - PRICE RECEIVED, MEASURED IN $ / BU","TOTAL","NOT SPECIFIED","3.1",""
"SURVEY","2006","MARKETING YEAR","","STATE","MINNESOTA","27","","","","","","","00000000","","CORN","CORN, GRAIN - PRICE RECEIVED, MEASURED IN $ / BU","TOTAL","NOT SPECIFIED","2.89",""
"SURVEY","2006","MARKETING YEAR","","STATE","MISSOURI","29","","","","","","","00000000","","CORN","CORN, GRAIN - PRICE RECEIVED, MEASURED IN $ / BU","TOTAL","NOT SPECIFIED","3.06",""
"SURVEY","2006","MARKETING YEAR","","STATE","OHIO","39","","","","","","","00000000","","CORN","CORN, GRAIN - PRICE RECEIVED, MEASURED IN $ / BU","TOTAL","NOT SPECIFIED","3.08",""
"SURVEY","2006","MARKETING YEAR","","STATE","SOUTH DAKOTA","46","","","","","","","00000000","","CORN","CORN, GRAIN - PRICE RECEIVED, MEASURED IN $ / BU","TOTAL","NOT SPECIFIED","2.88",""
"SURVEY","2006","MARKETING YEAR","","STATE","WISCONSIN","55","","","","","","","00000000","","CORN","CORN, GRAIN - PRICE RECEIVED, MEASURED IN $ / BU","TOTAL","NOT SPECIFIED","3.04",""
"SURVEY","2005","MARKETING YEAR","","STATE","ILLINOIS","17","","","","","","","00000000","","CORN","CORN, GRAIN - PRICE RECEIVED, MEASURED IN $ / BU","TOTAL","NOT SPECIFIED","2.08",""
"SURVEY","2005","MARKETING YEAR","","STATE","INDIANA","18","","","","","","","00000000","","CORN","CORN, GRAIN - PRICE RECEIVED, MEASURED IN $ / BU","TOTAL","NOT SPECIFIED","2",""
"SURVEY","2005","MARKETING YEAR","","STATE","IOWA","19","","","","","","","00000000","","CORN","CORN, GRAIN - PRICE RECEIVED, MEASURED IN $ / BU","TOTAL","NOT SPECIFIED","1.94",""
"SURVEY","2005","MARKETING YEAR","","STATE","MICHIGAN","26","","","","","","","00000000","","CORN","CORN, GRAIN - PRICE RECEIVED, MEASURED IN $ / BU","TOTAL","NOT SPECIFIED","1.88",""
"SURVEY","2005","MARKETING YEAR","","STATE","MINNESOTA","27","","","","","","","00000000","","CORN","CORN, GRAIN - PRICE RECEIVED, MEASURED IN $ / BU","TOTAL","NOT SPECIFIED","1.86",""
"SURVEY","2005","MARKETING YEAR","","STATE","MISSOURI","29","","","","","","","00000000","","CORN","CORN, GRAIN - PRICE RECEIVED, MEASURED IN $ / BU","TOTAL","NOT SPECIFIED","2.03",""
"SURVEY","2005","MARKETING YEAR","","STATE","OHIO","39","","","","","","","00000000","","CORN","CORN, GRAIN - PRICE RECEIVED, MEASURED IN $ / BU","TOTAL","NOT SPECIFIED","1.98",""
"SURVEY","2005","MARKETING YEAR","","STATE","SOUTH DAKOTA","46","","","","","","","00000000","","CORN","CORN, GRAIN - PRICE RECEIVED, MEASURED IN $ / BU","TOTAL","NOT SPECIFIED","1.79",""
"SURVEY","2005","MARKETING YEAR","","STATE","WISCONSIN","55","","","","","","","00000000","","CORN","CORN, GRAIN - PRICE RECEIVED, MEASURED IN $ / BU","TOTAL","NOT SPECIFIED","1.94",""
"SURVEY","2004","MARKETING YEAR","","STATE","ILLINOIS","17","","","","","","","00000000","","CORN","CORN, GRAIN - PRICE RECEIVED, MEASURED IN $ / BU","TOTAL","NOT SPECIFIED","2.14",""
"SURVEY","2004","MARKETING YEAR","","STATE","INDIANA","18","","","","","","","00000000","","CORN","CORN, GRAIN - PRICE RECEIVED, MEASURED IN $ / BU","TOTAL","NOT SPECIFIED","1.99",""
"SURVEY","2004","MARKETING YEAR","","STATE","IOWA","19","","","","","","","00000000","","CORN","CORN, GRAIN - PRICE RECEIVED, MEASURED IN $ / BU","TOTAL","NOT SPECIFIED","1.99",""
"SURVEY","2004","MARKETING YEAR","","STATE","MICHIGAN","26","","","","","","","00000000","","CORN","CORN, GRAIN - PRICE RECEIVED, MEASURED IN $ / BU","TOTAL","NOT SPECIFIED","1.97",""
"SURVEY","2004","MARKETING YEAR","","STATE","MINNESOTA","27","","","","","","","00000000","","CORN","CORN, GRAIN - PRICE RECEIVED, MEASURED IN $ / BU","TOTAL","NOT SPECIFIED","1.94",""
"SURVEY","2004","MARKETING YEAR","","STATE","MISSOURI","29","","","","","","","00000000","","CORN","CORN, GRAIN - PRICE RECEIVED, MEASURED IN $ / BU","TOTAL","NOT SPECIFIED","2.03",""
"SURVEY","2004","MARKETING YEAR","","STATE","OHIO","39","","","","","","","00000000","","CORN","CORN, GRAIN - PRICE RECEIVED, MEASURED IN $ / BU","TOTAL","NOT SPECIFIED","2.04",""
"SURVEY","2004","MARKETING YEAR","","STATE","SOUTH DAKOTA","46","","","","","","","00000000","","CORN","CORN, GRAIN - PRICE RECEIVED, MEASURED IN $ / BU","TOTAL","NOT SPECIFIED","1.82",""
"SURVEY","2004","MARKETING YEAR","","STATE","WISCONSIN","55","","","","","","","00000000","","CORN","CORN, GRAIN - PRICE RECEIVED, MEASURED IN $ / BU","TOTAL","NOT SPECIFIED","2.15",""
"SURVEY","2003","MARKETING YEAR","","STATE","ILLINOIS","17","","","","","","","00000000","","CORN","CORN, GRAIN - PRICE RECEIVED, MEASURED IN $ / BU","TOTAL","NOT SPECIFIED","2.42",""
"SURVEY","2003","MARKETING YEAR","","STATE","INDIANA","18","","","","","","","00000000","","CORN","CORN, GRAIN - PRICE RECEIVED, MEASURED IN $ / BU","TOTAL","NOT SPECIFIED","2.53",""
"SURVEY","2003","MARKETING YEAR","","STATE","IOWA","19","","","","","","","00000000","","CORN","CORN, GRAIN - PRICE RECEIVED, MEASURED IN $ / BU","TOTAL","NOT SPECIFIED","2.37",""
"SURVEY","2003","MARKETING YEAR","","STATE","MICHIGAN","26","","","","","","","00000000","","CORN","CORN, GRAIN - PRICE RECEIVED, MEASURED IN $ / BU","TOTAL","NOT SPECIFIED","2.37",""
"SURVEY","2003","MARKETING YEAR","","STATE","MINNESOTA","27","","","","","","","00000000","","CORN","CORN, GRAIN - PRICE RECEIVED, MEASURED IN $ / BU","TOTAL","NOT SPECIFIED","2.35",""
"SURVEY","2003","MARKETING YEAR","","STATE","MISSOURI","29","","","","","","","00000000","","CORN","CORN, GRAIN - PRICE RECEIVED, MEASURED IN $ / BU","TOTAL","NOT SPECIFIED","2.46",""
"SURVEY","2003","MARKETING YEAR","","STATE","OHIO","39","","","","","","","00000000","","CORN","CORN, GRAIN - PRICE RECEIVED, MEASURED IN $ / BU","TOTAL","NOT SPECIFIED","2.45",""
"SURVEY","2003","MARKETING YEAR","","STATE","SOUTH DAKOTA","46","","","","","","","00000000","","CORN","CORN, GRAIN - PRICE RECEIVED, MEASURED IN $ / BU","TOTAL","NOT SPECIFIED","2.28",""
"SURVEY","2003","MARKETING YEAR","","STATE","WISCONSIN","55","","","","","","","00000000","","CORN","CORN, GRAIN - PRICE RECEIVED, MEASURED IN $ / BU","TOTAL","NOT SPECIFIED","2.35",""
"SURVEY","2002","MARKETING YEAR","","STATE","ILLINOIS","17","","","","","","","00000000","","CORN","CORN, GRAIN - PRICE RECEIVED, MEASURED IN $ / BU","TOTAL","NOT SPECIFIED","2.35",""
"SURVEY","2002","MARKETING YEAR","","STATE","INDIANA","18","","","","","","","00000000","","CORN","CORN, GRAIN - PRICE RECEIVED, MEASURED IN $ / BU","TOTAL","NOT SPECIFIED","2.41",""
"SURVEY","2002","MARKETING YEAR","","STATE","IOWA","19","","","","","","","00000000","","CORN","CORN, GRAIN - PRICE RECEIVED, MEASURED IN $ / BU","TOTAL","NOT SPECIFIED","2.22",""
"SURVEY","2002","MARKETING YEAR","","STATE","MICHIGAN","26","","","","","","","00000000","","CORN","CORN, GRAIN - PRICE RECEIVED, MEASURED IN $ / BU","TOTAL","NOT SPECIFIED","2.34",""
"SURVEY","2002","MARKETING YEAR","","STATE","MINNESOTA","27","","","","","","","00000000","","CORN","CORN, GRAIN - PRICE RECEIVED, MEASURED IN $ / BU","TOTAL","NOT SPECIFIED","2.15",""
"SURVEY","2002","MARKETING YEAR","","STATE","MISSOURI","29","","","","","","","00000000","","CORN","CORN, GRAIN - PRICE RECEIVED, MEASURED IN $ / BU","TOTAL","NOT SPECIFIED","2.45",""
"SURVEY","2002","MARKETING YEAR","","STATE","OHIO","39","","","","","","","00000000","","CORN","CORN, GRAIN - PRICE RECEIVED, MEASURED IN $ / BU","TOTAL","NOT SPECIFIED","2.48",""
"SURVEY","2002","MARKETING YEAR","","STATE","SOUTH DAKOTA","46","","","","","","","00000000","","CORN","CORN, GRAIN - PRICE RECEIVED, MEASURED IN $ / BU","TOTAL","NOT SPECIFIED","2.17",""
"SURVEY","2002","MARKETING YEAR","","STATE","WISCONSIN","55","","","","","","","00000000","","CORN","CORN, GRAIN - PRICE RECEIVED, MEASURED IN $ / BU","TOTAL","NOT SPECIFIED","2.22",""
"SURVEY","2001","MARKETING YEAR","","STATE","ILLINOIS","17","","","","","","","00000000","","CORN","CORN, GRAIN - PRICE RECEIVED, MEASURED IN $ / BU","TOTAL","NOT SPECIFIED","2.04",""
"SURVEY","2001","MARKETING YEAR","","STATE","INDIANA","18","","","","","","","00000000","","CORN","CORN, GRAIN - PRICE RECEIVED, MEASURED IN $ / BU","TOTAL","NOT SPECIFIED","1.98",""
"SURVEY","2001","MARKETING YEAR","","STATE","IOWA","19","","","","","","","00000000","","CORN","CORN, GRAIN - PRICE RECEIVED, MEASURED IN $ / BU","TOTAL","NOT SPECIFIED","1.9",""
"SURVEY","2001","MARKETING YEAR","","STATE","MICHIGAN","26","","","","","","","00000000","","CORN","CORN, GRAIN - PRICE RECEIVED, MEASURED IN $ / BU","TOTAL","NOT SPECIFIED","1.97",""
"SURVEY","2001","MARKETING YEAR","","STATE","MINNESOTA","27","","","","","","","00000000","","CORN","CORN, GRAIN - PRICE RECEIVED, MEASURED IN $ / BU","TOTAL","NOT SPECIFIED","1.9",""
"SURVEY","2001","MARKETING YEAR","","STATE","MISSOURI","29","","","","","","","00000000","","CORN","CORN, GRAIN - PRICE RECEIVED, MEASURED IN $ / BU","TOTAL","NOT SPECIFIED","1.96",""
"SURVEY","2001","MARKETING YEAR","","STATE","OHIO","39","","","","","","","00000000","","CORN","CORN, GRAIN - PRICE RECEIVED, MEASURED IN $ / BU","TOTAL","NOT SPECIFIED","2",""
"SURVEY","2001","MARKETING YEAR","","STATE","SOUTH DAKOTA","46","","","","","","","00000000","","CORN","CORN, GRAIN - PRICE RECEIVED, MEASURED IN $ / BU","TOTAL","NOT SPECIFIED","1.75",""
"SURVEY","2001","MARKETING YEAR","","STATE","WISCONSIN","55","","","","","","","00000000","","CORN","CORN, GRAIN - PRICE RECEIVED, MEASURED IN $ / BU","TOTAL","NOT SPECIFIED","1.97",""
"SURVEY","2000","MARKETING YEAR","","STATE","ILLINOIS","17","","","","","","","00000000","","CORN","CORN, GRAIN - PRICE RECEIVED, MEASURED IN $ / BU","TOTAL","NOT SPECIFIED","1.91",""
"SURVEY","2000","MARKETING YEAR","","STATE","INDIANA","18","","","","","","","00000000","","CORN","CORN, GRAIN - PRICE RECEIVED, MEASURED IN $ / BU","TOTAL","NOT SPECIFIED","1.9",""
"SURVEY","2000","MARKETING YEAR","","STATE","IOWA","19","","","","","","","00000000","","CORN","CORN, GRAIN - PRICE RECEIVED, MEASURED IN $ / BU","TOTAL","NOT SPECIFIED","1.75",""
"SURVEY","2000","MARKETING YEAR","","STATE","MICHIGAN","26","","","","","","","00000000","","CORN","CORN, GRAIN - PRICE RECEIVED, MEASURED IN $ / BU","TOTAL","NOT SPECIFIED","1.9",""
"SURVEY","2000","MARKETING YEAR","","STATE","MINNESOTA","27","","","","","","","00000000","","CORN","CORN, GRAIN - PRICE RECEIVED, MEASURED IN $ / BU","TOTAL","NOT SPECIFIED","1.71",""
"SURVEY","2000","MARKETING YEAR","","STATE","MISSOURI","29","","","","","","","00000000","","CORN","CORN, GRAIN - PRICE RECEIVED, MEASURED IN $ / BU","TOTAL","NOT SPECIFIED","1.78",""
"SURVEY","2000","MARKETING YEAR","","STATE","OHIO","39","","","","","","","00000000","","CORN","CORN, GRAIN - PRICE RECEIVED, MEASURED IN $ / BU","TOTAL","NOT SPECIFIED","1.9",""
"SURVEY","2000","MARKETING YEAR","","STATE","SOUTH DAKOTA","46","","","","","","","00000000","","CORN","CORN, GRAIN - PRICE RECEIVED, MEASURED IN $ / BU","TOTAL","NOT SPECIFIED","1.61",""
"SURVEY","2000","MARKETING YEAR","","STATE","WISCONSIN","55","","","","","","","00000000","","CORN","CORN, GRAIN - PRICE RECEIVED, MEASURED IN $ / BU","TOTAL","NOT SPECIFIED","1.86",""
"SURVEY","1999","MARKETING YEAR","","STATE","ILLINOIS","17","","","","","","","00000000","","CORN","CORN, GRAIN - PRICE RECEIVED, MEASURED IN $ / BU","TOTAL","NOT SPECIFIED","1.91",""
"SURVEY","1999","MARKETING YEAR","","STATE","INDIANA","18","","","","","","","00000000","","CORN","CORN, GRAIN - PRICE RECEIVED, MEASURED IN $ / BU","TOTAL","NOT SPECIFIED","1.88",""
"SURVEY","1999","MARKETING YEAR","","STATE","IOWA","19","","","","","","","00000000","","CORN","CORN, GRAIN - PRICE RECEIVED, MEASURED IN $ / BU","TOTAL","NOT SPECIFIED","1.72",""
"SURVEY","1999","MARKETING YEAR","","STATE","MICHIGAN","26","","","","","","","00000000","","CORN","CORN, GRAIN - PRICE RECEIVED, MEASURED IN $ / BU","TOTAL","NOT SPECIFIED","1.78",""
"SURVEY","1999","MARKETING YEAR","","STATE","MINNESOTA","27","","","","","","","00000000","","CORN","CORN, GRAIN - PRICE RECEIVED, MEASURED IN $ / BU","TOTAL","NOT SPECIFIED","1.6",""
"SURVEY","1999","MARKETING YEAR","","STATE","MISSOURI","29","","","","","","","00000000","","CORN","CORN, GRAIN - PRICE RECEIVED, MEASURED IN $ / BU","TOTAL","NOT SPECIFIED","1.96",""
"SURVEY","1999","MARKETING YEAR","","STATE","OHIO","39","","","","","","","00000000","","CORN","CORN, GRAIN - PRICE RECEIVED, MEASURED IN $ / BU","TOTAL","NOT SPECIFIED","1.89",""
"SURVEY","1999","MARKETING YEAR","","STATE","SOUTH DAKOTA","46","","","","","","","00000000","","CORN","CORN, GRAIN - PRICE RECEIVED, MEASURED IN $ / BU","TOTAL","NOT SPECIFIED","1.54",""
"SURVEY","1999","MARKETING YEAR","","STATE","WISCONSIN","55","","","","","","","00000000","","CORN","CORN, GRAIN - PRICE RECEIVED, MEASURED IN $ / BU","TOTAL","NOT SPECIFIED","1.77",""
